{
	"info": {
		"_postman_id": "b6fb26ef-a2bc-41c7-b033-daafe64b505b",
		"name": "winApis",
		"schema": "https://schema.getpostman.com/json/collection/v2.1.0/collection.json",
		"_exporter_id": "19062742"
	},
	"item": [
		{
			"name": "http://127.0.0.1:4000/order",
			"request": {
				"method": "POST",
				"header": [],
				"body": {
					"mode": "raw",
					"raw": "{\r\n    \"order_id\": 1,\r\n    \"totalfee\": 100,\r\n    \"service_id\": 11,\r\n    \"service_name\": \"testing\"\r\n}",
					"options": {
						"raw": {
							"language": "json"
						}
					}
				},
				"url": {
					"raw": "http://127.0.0.1:4000/order",
					"protocol": "http",
					"host": [
						"127",
						"0",
						"0",
						"1"
					],
					"port": "4000",
					"path": [
						"order"
					]
				}
			},
			"response": [
				{
					"name": "http://127.0.0.1:4000/order",
					"originalRequest": {
						"method": "POST",
						"header": [],
						"body": {
							"mode": "raw",
							"raw": "{\r\n    \"order_id\": 2,\r\n    \"totalfee\": 100,\r\n    \"service_id\": 12,\r\n    \"service_name\": \"Inspection\"\r\n}",
							"options": {
								"raw": {
									"language": "json"
								}
							}
						},
						"url": {
							"raw": "http://127.0.0.1:4000/order",
							"protocol": "http",
							"host": [
								"127",
								"0",
								"0",
								"1"
							],
							"port": "4000",
							"path": [
								"order"
							]
						}
					},
					"status": "Created",
					"code": 201,
					"_postman_previewlanguage": "json",
					"header": [
						{
							"key": "X-Powered-By",
							"value": "Express"
						},
						{
							"key": "Access-Control-Allow-Origin",
							"value": "*"
						},
						{
							"key": "Content-Type",
							"value": "application/json; charset=utf-8"
						},
						{
							"key": "Content-Length",
							"value": "39"
						},
						{
							"key": "ETag",
							"value": "W/\"27-of9JQYhI6xop1cVl/T+yfEUtBQY\""
						},
						{
							"key": "Date",
							"value": "Wed, 09 Aug 2023 17:10:59 GMT"
						},
						{
							"key": "Connection",
							"value": "keep-alive"
						},
						{
							"key": "Keep-Alive",
							"value": "timeout=5"
						}
					],
					"cookie": [],
					"body": "{\n    \"message\": \"order placed successfully\"\n}"
				},
				{
					"name": "http://127.0.0.1:4000/order",
					"originalRequest": {
						"method": "POST",
						"header": [],
						"body": {
							"mode": "raw",
							"raw": "{\r\n    \"order_id\": 2,\r\n    \"totalfee\": 100,\r\n    \"service_id\": 12,\r\n    \"service_name\": \"Inspection\"\r\n}",
							"options": {
								"raw": {
									"language": "json"
								}
							}
						},
						"url": {
							"raw": "http://127.0.0.1:4000/order",
							"protocol": "http",
							"host": [
								"127",
								"0",
								"0",
								"1"
							],
							"port": "4000",
							"path": [
								"order"
							]
						}
					},
					"status": "Bad Request",
					"code": 400,
					"_postman_previewlanguage": "json",
					"header": [
						{
							"key": "X-Powered-By",
							"value": "Express"
						},
						{
							"key": "Access-Control-Allow-Origin",
							"value": "*"
						},
						{
							"key": "Content-Type",
							"value": "application/json; charset=utf-8"
						},
						{
							"key": "Content-Length",
							"value": "55"
						},
						{
							"key": "ETag",
							"value": "W/\"37-ij9/dsYtVF8uTgaxzLopizH5Kg8\""
						},
						{
							"key": "Date",
							"value": "Wed, 09 Aug 2023 17:14:09 GMT"
						},
						{
							"key": "Connection",
							"value": "keep-alive"
						},
						{
							"key": "Keep-Alive",
							"value": "timeout=5"
						}
					],
					"cookie": [],
					"body": "{\n    \"error\": \"Order with the same order_id already exists\"\n}"
				}
			]
		},
		{
			"name": "http://127.0.0.1:4000/orders",
			"request": {
				"method": "GET",
				"header": [],
				"url": {
					"raw": "http://127.0.0.1:4000/orders",
					"protocol": "http",
					"host": [
						"127",
						"0",
						"0",
						"1"
					],
					"port": "4000",
					"path": [
						"orders"
					]
				}
			},
			"response": [
				{
					"name": "http://127.0.0.1:4000/orders",
					"originalRequest": {
						"method": "GET",
						"header": [],
						"url": {
							"raw": "http://127.0.0.1:4000/orders",
							"protocol": "http",
							"host": [
								"127",
								"0",
								"0",
								"1"
							],
							"port": "4000",
							"path": [
								"orders"
							]
						}
					},
					"status": "OK",
					"code": 200,
					"_postman_previewlanguage": "json",
					"header": [
						{
							"key": "X-Powered-By",
							"value": "Express"
						},
						{
							"key": "Access-Control-Allow-Origin",
							"value": "*"
						},
						{
							"key": "Content-Type",
							"value": "application/json; charset=utf-8"
						},
						{
							"key": "Content-Length",
							"value": "146"
						},
						{
							"key": "ETag",
							"value": "W/\"92-M35yiiENpMKBpMQi2kdQ0J+I4Dc\""
						},
						{
							"key": "Date",
							"value": "Wed, 09 Aug 2023 17:11:05 GMT"
						},
						{
							"key": "Connection",
							"value": "keep-alive"
						},
						{
							"key": "Keep-Alive",
							"value": "timeout=5"
						}
					],
					"cookie": [],
					"body": "{\n    \"data\": [\n        {\n            \"order_id\": 1,\n            \"datetime\": \"2023-08-09T17:09:16.746Z\",\n            \"totalfee\": 100\n        },\n        {\n            \"order_id\": 2,\n            \"datetime\": \"2023-08-09T17:10:59.922Z\",\n            \"totalfee\": 100\n        }\n    ]\n}"
				}
			]
		},
		{
			"name": "http://127.0.0.1:4000/order",
			"request": {
				"method": "PUT",
				"header": [],
				"body": {
					"mode": "raw",
					"raw": "{\r\n    \"order_id\": 1,\r\n    \"totalfee\": 300\r\n}",
					"options": {
						"raw": {
							"language": "json"
						}
					}
				},
				"url": {
					"raw": "http://127.0.0.1:4000/order",
					"protocol": "http",
					"host": [
						"127",
						"0",
						"0",
						"1"
					],
					"port": "4000",
					"path": [
						"order"
					]
				}
			},
			"response": [
				{
					"name": "http://127.0.0.1:4000/order",
					"originalRequest": {
						"method": "PUT",
						"header": [],
						"body": {
							"mode": "raw",
							"raw": "{\r\n    \"order_id\": 1,\r\n    \"totalfee\": 300\r\n}",
							"options": {
								"raw": {
									"language": "json"
								}
							}
						},
						"url": {
							"raw": "http://127.0.0.1:4000/order",
							"protocol": "http",
							"host": [
								"127",
								"0",
								"0",
								"1"
							],
							"port": "4000",
							"path": [
								"order"
							]
						}
					},
					"status": "OK",
					"code": 200,
					"_postman_previewlanguage": "json",
					"header": [
						{
							"key": "X-Powered-By",
							"value": "Express"
						},
						{
							"key": "Access-Control-Allow-Origin",
							"value": "*"
						},
						{
							"key": "Content-Type",
							"value": "application/json; charset=utf-8"
						},
						{
							"key": "Content-Length",
							"value": "40"
						},
						{
							"key": "ETag",
							"value": "W/\"28-DLyP5D/B8algwnq0mw8hVRlKBlA\""
						},
						{
							"key": "Date",
							"value": "Wed, 09 Aug 2023 17:15:57 GMT"
						},
						{
							"key": "Connection",
							"value": "keep-alive"
						},
						{
							"key": "Keep-Alive",
							"value": "timeout=5"
						}
					],
					"cookie": [],
					"body": "{\n    \"message\": \"Order updated successfully\"\n}"
				}
			]
		},
		{
			"name": "http://127.0.0.1:4000/order",
			"request": {
				"method": "DELETE",
				"header": [],
				"body": {
					"mode": "raw",
					"raw": "{\r\n    \"order_id\":1\r\n}",
					"options": {
						"raw": {
							"language": "json"
						}
					}
				},
				"url": {
					"raw": "http://127.0.0.1:4000/order",
					"protocol": "http",
					"host": [
						"127",
						"0",
						"0",
						"1"
					],
					"port": "4000",
					"path": [
						"order"
					]
				}
			},
			"response": [
				{
					"name": "http://127.0.0.1:4000/order",
					"originalRequest": {
						"method": "DELETE",
						"header": [],
						"body": {
							"mode": "raw",
							"raw": "{\r\n    \"order_id\":1\r\n}",
							"options": {
								"raw": {
									"language": "json"
								}
							}
						},
						"url": {
							"raw": "http://127.0.0.1:4000/order",
							"protocol": "http",
							"host": [
								"127",
								"0",
								"0",
								"1"
							],
							"port": "4000",
							"path": [
								"order"
							]
						}
					},
					"status": "OK",
					"code": 200,
					"_postman_previewlanguage": "json",
					"header": [
						{
							"key": "X-Powered-By",
							"value": "Express"
						},
						{
							"key": "Access-Control-Allow-Origin",
							"value": "*"
						},
						{
							"key": "Content-Type",
							"value": "application/json; charset=utf-8"
						},
						{
							"key": "Content-Length",
							"value": "40"
						},
						{
							"key": "ETag",
							"value": "W/\"28-44+JLRWSatTeIeuVYDYOdZPIRuM\""
						},
						{
							"key": "Date",
							"value": "Wed, 09 Aug 2023 17:17:07 GMT"
						},
						{
							"key": "Connection",
							"value": "keep-alive"
						},
						{
							"key": "Keep-Alive",
							"value": "timeout=5"
						}
					],
					"cookie": [],
					"body": "{\n    \"message\": \"Order deleted successfully\"\n}"
				}
			]
		},
		{
			"name": "http://127.0.0.1:4000/order?order_id=2",
			"request": {
				"method": "GET",
				"header": [],
				"url": {
					"raw": "http://127.0.0.1:4000/order?order_id=2",
					"protocol": "http",
					"host": [
						"127",
						"0",
						"0",
						"1"
					],
					"port": "4000",
					"path": [
						"order"
					],
					"query": [
						{
							"key": "order_id",
							"value": "2"
						}
					]
				}
			},
			"response": [
				{
					"name": "http://127.0.0.1:4000/order?order_id=2",
					"originalRequest": {
						"method": "GET",
						"header": [],
						"url": {
							"raw": "http://127.0.0.1:4000/order?order_id=2",
							"protocol": "http",
							"host": [
								"127",
								"0",
								"0",
								"1"
							],
							"port": "4000",
							"path": [
								"order"
							],
							"query": [
								{
									"key": "order_id",
									"value": "2"
								}
							]
						}
					},
					"status": "OK",
					"code": 200,
					"_postman_previewlanguage": "json",
					"header": [
						{
							"key": "X-Powered-By",
							"value": "Express"
						},
						{
							"key": "Access-Control-Allow-Origin",
							"value": "*"
						},
						{
							"key": "Content-Type",
							"value": "application/json; charset=utf-8"
						},
						{
							"key": "Content-Length",
							"value": "207"
						},
						{
							"key": "ETag",
							"value": "W/\"cf-dXLNWL5AwdgHzeNP9AeRCT4neZE\""
						},
						{
							"key": "Date",
							"value": "Wed, 09 Aug 2023 17:22:29 GMT"
						},
						{
							"key": "Connection",
							"value": "keep-alive"
						},
						{
							"key": "Keep-Alive",
							"value": "timeout=5"
						}
					],
					"cookie": [],
					"body": "{\n    \"data\": {\n        \"_id\": \"64d3c8a3d53d3a7876321d2d\",\n        \"order_id\": 2,\n        \"datetime\": \"2023-08-09T17:10:59.922Z\",\n        \"totalfee\": 100,\n        \"service_record\": [\n            {\n                \"service_id\": 12,\n                \"name\": \"Inspection\",\n                \"_id\": \"64d3c8a3d53d3a7876321d2e\"\n            }\n        ],\n        \"__v\": 0\n    }\n}"
				}
			]
		}
	]
}